{
  "zhoblimp": {
    "accuracy": 0.7006999999999999
  },
  "hanzi_structure": {
    "accuracy": 0.5515
  },
  "hanzi_pinyin": {
    "accuracy": 0.9640000000000001
  },
  "word_fmri": {
    "mean": 0.5569695628033935
  },
  "fmri": {
    "mean": 0.08840791024776529
  },
  "afqmc": {
    "accuracy": 0.6902224281742355
  },
  "ocnli": {
    "accuracy": 0.5620338983050848
  },
  "tnews": {
    "accuracy": 0.5025
  },
  "cluewsc2020": {
    "accuracy": 0.6414473684210527
  }
}
